[
{
  "model": "auth.permission",
  "pk": 1,
  "fields": {
    "name": "Can add log entry",
    "content_type": 1,
    "codename": "add_logentry"
  }
},
{
  "model": "auth.permission",
  "pk": 2,
  "fields": {
    "name": "Can change log entry",
    "content_type": 1,
    "codename": "change_logentry"
  }
},
{
  "model": "auth.permission",
  "pk": 3,
  "fields": {
    "name": "Can delete log entry",
    "content_type": 1,
    "codename": "delete_logentry"
  }
},
{
  "model": "auth.permission",
  "pk": 4,
  "fields": {
    "name": "Can view log entry",
    "content_type": 1,
    "codename": "view_logentry"
  }
},
{
  "model": "auth.permission",
  "pk": 5,
  "fields": {
    "name": "Can add permission",
    "content_type": 2,
    "codename": "add_permission"
  }
},
{
  "model": "auth.permission",
  "pk": 6,
  "fields": {
    "name": "Can change permission",
    "content_type": 2,
    "codename": "change_permission"
  }
},
{
  "model": "auth.permission",
  "pk": 7,
  "fields": {
    "name": "Can delete permission",
    "content_type": 2,
    "codename": "delete_permission"
  }
},
{
  "model": "auth.permission",
  "pk": 8,
  "fields": {
    "name": "Can view permission",
    "content_type": 2,
    "codename": "view_permission"
  }
},
{
  "model": "auth.permission",
  "pk": 9,
  "fields": {
    "name": "Can add group",
    "content_type": 3,
    "codename": "add_group"
  }
},
{
  "model": "auth.permission",
  "pk": 10,
  "fields": {
    "name": "Can change group",
    "content_type": 3,
    "codename": "change_group"
  }
},
{
  "model": "auth.permission",
  "pk": 11,
  "fields": {
    "name": "Can delete group",
    "content_type": 3,
    "codename": "delete_group"
  }
},
{
  "model": "auth.permission",
  "pk": 12,
  "fields": {
    "name": "Can view group",
    "content_type": 3,
    "codename": "view_group"
  }
},
{
  "model": "auth.permission",
  "pk": 13,
  "fields": {
    "name": "Can add user",
    "content_type": 4,
    "codename": "add_user"
  }
},
{
  "model": "auth.permission",
  "pk": 14,
  "fields": {
    "name": "Can change user",
    "content_type": 4,
    "codename": "change_user"
  }
},
{
  "model": "auth.permission",
  "pk": 15,
  "fields": {
    "name": "Can delete user",
    "content_type": 4,
    "codename": "delete_user"
  }
},
{
  "model": "auth.permission",
  "pk": 16,
  "fields": {
    "name": "Can view user",
    "content_type": 4,
    "codename": "view_user"
  }
},
{
  "model": "auth.permission",
  "pk": 17,
  "fields": {
    "name": "Can add content type",
    "content_type": 5,
    "codename": "add_contenttype"
  }
},
{
  "model": "auth.permission",
  "pk": 18,
  "fields": {
    "name": "Can change content type",
    "content_type": 5,
    "codename": "change_contenttype"
  }
},
{
  "model": "auth.permission",
  "pk": 19,
  "fields": {
    "name": "Can delete content type",
    "content_type": 5,
    "codename": "delete_contenttype"
  }
},
{
  "model": "auth.permission",
  "pk": 20,
  "fields": {
    "name": "Can view content type",
    "content_type": 5,
    "codename": "view_contenttype"
  }
},
{
  "model": "auth.permission",
  "pk": 21,
  "fields": {
    "name": "Can add session",
    "content_type": 6,
    "codename": "add_session"
  }
},
{
  "model": "auth.permission",
  "pk": 22,
  "fields": {
    "name": "Can change session",
    "content_type": 6,
    "codename": "change_session"
  }
},
{
  "model": "auth.permission",
  "pk": 23,
  "fields": {
    "name": "Can delete session",
    "content_type": 6,
    "codename": "delete_session"
  }
},
{
  "model": "auth.permission",
  "pk": 24,
  "fields": {
    "name": "Can view session",
    "content_type": 6,
    "codename": "view_session"
  }
},
{
  "model": "auth.permission",
  "pk": 25,
  "fields": {
    "name": "Can add agency expense",
    "content_type": 7,
    "codename": "add_agencyexpense"
  }
},
{
  "model": "auth.permission",
  "pk": 26,
  "fields": {
    "name": "Can change agency expense",
    "content_type": 7,
    "codename": "change_agencyexpense"
  }
},
{
  "model": "auth.permission",
  "pk": 27,
  "fields": {
    "name": "Can delete agency expense",
    "content_type": 7,
    "codename": "delete_agencyexpense"
  }
},
{
  "model": "auth.permission",
  "pk": 28,
  "fields": {
    "name": "Can view agency expense",
    "content_type": 7,
    "codename": "view_agencyexpense"
  }
},
{
  "model": "auth.permission",
  "pk": 29,
  "fields": {
    "name": "Can add agent",
    "content_type": 8,
    "codename": "add_agent"
  }
},
{
  "model": "auth.permission",
  "pk": 30,
  "fields": {
    "name": "Can change agent",
    "content_type": 8,
    "codename": "change_agent"
  }
},
{
  "model": "auth.permission",
  "pk": 31,
  "fields": {
    "name": "Can delete agent",
    "content_type": 8,
    "codename": "delete_agent"
  }
},
{
  "model": "auth.permission",
  "pk": 32,
  "fields": {
    "name": "Can view agent",
    "content_type": 8,
    "codename": "view_agent"
  }
},
{
  "model": "auth.permission",
  "pk": 33,
  "fields": {
    "name": "Can add chantier",
    "content_type": 9,
    "codename": "add_chantier"
  }
},
{
  "model": "auth.permission",
  "pk": 34,
  "fields": {
    "name": "Can change chantier",
    "content_type": 9,
    "codename": "change_chantier"
  }
},
{
  "model": "auth.permission",
  "pk": 35,
  "fields": {
    "name": "Can delete chantier",
    "content_type": 9,
    "codename": "delete_chantier"
  }
},
{
  "model": "auth.permission",
  "pk": 36,
  "fields": {
    "name": "Can view chantier",
    "content_type": 9,
    "codename": "view_chantier"
  }
},
{
  "model": "auth.permission",
  "pk": 37,
  "fields": {
    "name": "Can add client",
    "content_type": 10,
    "codename": "add_client"
  }
},
{
  "model": "auth.permission",
  "pk": 38,
  "fields": {
    "name": "Can change client",
    "content_type": 10,
    "codename": "change_client"
  }
},
{
  "model": "auth.permission",
  "pk": 39,
  "fields": {
    "name": "Can delete client",
    "content_type": 10,
    "codename": "delete_client"
  }
},
{
  "model": "auth.permission",
  "pk": 40,
  "fields": {
    "name": "Can view client",
    "content_type": 10,
    "codename": "view_client"
  }
},
{
  "model": "auth.permission",
  "pk": 41,
  "fields": {
    "name": "Can add fournisseur",
    "content_type": 11,
    "codename": "add_fournisseur"
  }
},
{
  "model": "auth.permission",
  "pk": 42,
  "fields": {
    "name": "Can change fournisseur",
    "content_type": 11,
    "codename": "change_fournisseur"
  }
},
{
  "model": "auth.permission",
  "pk": 43,
  "fields": {
    "name": "Can delete fournisseur",
    "content_type": 11,
    "codename": "delete_fournisseur"
  }
},
{
  "model": "auth.permission",
  "pk": 44,
  "fields": {
    "name": "Can view fournisseur",
    "content_type": 11,
    "codename": "view_fournisseur"
  }
},
{
  "model": "auth.permission",
  "pk": 45,
  "fields": {
    "name": "Can add ligne detail",
    "content_type": 12,
    "codename": "add_lignedetail"
  }
},
{
  "model": "auth.permission",
  "pk": 46,
  "fields": {
    "name": "Can change ligne detail",
    "content_type": 12,
    "codename": "change_lignedetail"
  }
},
{
  "model": "auth.permission",
  "pk": 47,
  "fields": {
    "name": "Can delete ligne detail",
    "content_type": 12,
    "codename": "delete_lignedetail"
  }
},
{
  "model": "auth.permission",
  "pk": 48,
  "fields": {
    "name": "Can view ligne detail",
    "content_type": 12,
    "codename": "view_lignedetail"
  }
},
{
  "model": "auth.permission",
  "pk": 49,
  "fields": {
    "name": "Can add materiel_produit",
    "content_type": 13,
    "codename": "add_materiel_produit"
  }
},
{
  "model": "auth.permission",
  "pk": 50,
  "fields": {
    "name": "Can change materiel_produit",
    "content_type": 13,
    "codename": "change_materiel_produit"
  }
},
{
  "model": "auth.permission",
  "pk": 51,
  "fields": {
    "name": "Can delete materiel_produit",
    "content_type": 13,
    "codename": "delete_materiel_produit"
  }
},
{
  "model": "auth.permission",
  "pk": 52,
  "fields": {
    "name": "Can view materiel_produit",
    "content_type": 13,
    "codename": "view_materiel_produit"
  }
},
{
  "model": "auth.permission",
  "pk": 53,
  "fields": {
    "name": "Can add Paramètre",
    "content_type": 14,
    "codename": "add_parametres"
  }
},
{
  "model": "auth.permission",
  "pk": 54,
  "fields": {
    "name": "Can change Paramètre",
    "content_type": 14,
    "codename": "change_parametres"
  }
},
{
  "model": "auth.permission",
  "pk": 55,
  "fields": {
    "name": "Can delete Paramètre",
    "content_type": 14,
    "codename": "delete_parametres"
  }
},
{
  "model": "auth.permission",
  "pk": 56,
  "fields": {
    "name": "Can view Paramètre",
    "content_type": 14,
    "codename": "view_parametres"
  }
},
{
  "model": "auth.permission",
  "pk": 57,
  "fields": {
    "name": "Can add partie",
    "content_type": 15,
    "codename": "add_partie"
  }
},
{
  "model": "auth.permission",
  "pk": 58,
  "fields": {
    "name": "Can change partie",
    "content_type": 15,
    "codename": "change_partie"
  }
},
{
  "model": "auth.permission",
  "pk": 59,
  "fields": {
    "name": "Can delete partie",
    "content_type": 15,
    "codename": "delete_partie"
  }
},
{
  "model": "auth.permission",
  "pk": 60,
  "fields": {
    "name": "Can view partie",
    "content_type": 15,
    "codename": "view_partie"
  }
},
{
  "model": "auth.permission",
  "pk": 61,
  "fields": {
    "name": "Can add sous traitant",
    "content_type": 16,
    "codename": "add_soustraitant"
  }
},
{
  "model": "auth.permission",
  "pk": 62,
  "fields": {
    "name": "Can change sous traitant",
    "content_type": 16,
    "codename": "change_soustraitant"
  }
},
{
  "model": "auth.permission",
  "pk": 63,
  "fields": {
    "name": "Can delete sous traitant",
    "content_type": 16,
    "codename": "delete_soustraitant"
  }
},
{
  "model": "auth.permission",
  "pk": 64,
  "fields": {
    "name": "Can view sous traitant",
    "content_type": 16,
    "codename": "view_soustraitant"
  }
},
{
  "model": "auth.permission",
  "pk": 65,
  "fields": {
    "name": "Can add taux fixe",
    "content_type": 17,
    "codename": "add_tauxfixe"
  }
},
{
  "model": "auth.permission",
  "pk": 66,
  "fields": {
    "name": "Can change taux fixe",
    "content_type": 17,
    "codename": "change_tauxfixe"
  }
},
{
  "model": "auth.permission",
  "pk": 67,
  "fields": {
    "name": "Can delete taux fixe",
    "content_type": 17,
    "codename": "delete_tauxfixe"
  }
},
{
  "model": "auth.permission",
  "pk": 68,
  "fields": {
    "name": "Can view taux fixe",
    "content_type": 17,
    "codename": "view_tauxfixe"
  }
},
{
  "model": "auth.permission",
  "pk": 69,
  "fields": {
    "name": "Can add bon commande",
    "content_type": 18,
    "codename": "add_boncommande"
  }
},
{
  "model": "auth.permission",
  "pk": 70,
  "fields": {
    "name": "Can change bon commande",
    "content_type": 18,
    "codename": "change_boncommande"
  }
},
{
  "model": "auth.permission",
  "pk": 71,
  "fields": {
    "name": "Can delete bon commande",
    "content_type": 18,
    "codename": "delete_boncommande"
  }
},
{
  "model": "auth.permission",
  "pk": 72,
  "fields": {
    "name": "Can view bon commande",
    "content_type": 18,
    "codename": "view_boncommande"
  }
},
{
  "model": "auth.permission",
  "pk": 73,
  "fields": {
    "name": "Can add avenant",
    "content_type": 19,
    "codename": "add_avenant"
  }
},
{
  "model": "auth.permission",
  "pk": 74,
  "fields": {
    "name": "Can change avenant",
    "content_type": 19,
    "codename": "change_avenant"
  }
},
{
  "model": "auth.permission",
  "pk": 75,
  "fields": {
    "name": "Can delete avenant",
    "content_type": 19,
    "codename": "delete_avenant"
  }
},
{
  "model": "auth.permission",
  "pk": 76,
  "fields": {
    "name": "Can view avenant",
    "content_type": 19,
    "codename": "view_avenant"
  }
},
{
  "model": "auth.permission",
  "pk": 77,
  "fields": {
    "name": "Can add chantier ligne supplementaire",
    "content_type": 20,
    "codename": "add_chantierlignesupplementaire"
  }
},
{
  "model": "auth.permission",
  "pk": 78,
  "fields": {
    "name": "Can change chantier ligne supplementaire",
    "content_type": 20,
    "codename": "change_chantierlignesupplementaire"
  }
},
{
  "model": "auth.permission",
  "pk": 79,
  "fields": {
    "name": "Can delete chantier ligne supplementaire",
    "content_type": 20,
    "codename": "delete_chantierlignesupplementaire"
  }
},
{
  "model": "auth.permission",
  "pk": 80,
  "fields": {
    "name": "Can view chantier ligne supplementaire",
    "content_type": 20,
    "codename": "view_chantierlignesupplementaire"
  }
},
{
  "model": "auth.permission",
  "pk": 81,
  "fields": {
    "name": "Can add contrat sous traitance",
    "content_type": 21,
    "codename": "add_contratsoustraitance"
  }
},
{
  "model": "auth.permission",
  "pk": 82,
  "fields": {
    "name": "Can change contrat sous traitance",
    "content_type": 21,
    "codename": "change_contratsoustraitance"
  }
},
{
  "model": "auth.permission",
  "pk": 83,
  "fields": {
    "name": "Can delete contrat sous traitance",
    "content_type": 21,
    "codename": "delete_contratsoustraitance"
  }
},
{
  "model": "auth.permission",
  "pk": 84,
  "fields": {
    "name": "Can view contrat sous traitance",
    "content_type": 21,
    "codename": "view_contratsoustraitance"
  }
},
{
  "model": "auth.permission",
  "pk": 85,
  "fields": {
    "name": "Can add devis",
    "content_type": 22,
    "codename": "add_devis"
  }
},
{
  "model": "auth.permission",
  "pk": 86,
  "fields": {
    "name": "Can change devis",
    "content_type": 22,
    "codename": "change_devis"
  }
},
{
  "model": "auth.permission",
  "pk": 87,
  "fields": {
    "name": "Can delete devis",
    "content_type": 22,
    "codename": "delete_devis"
  }
},
{
  "model": "auth.permission",
  "pk": 88,
  "fields": {
    "name": "Can view devis",
    "content_type": 22,
    "codename": "view_devis"
  }
},
{
  "model": "auth.permission",
  "pk": 89,
  "fields": {
    "name": "Can add event",
    "content_type": 23,
    "codename": "add_event"
  }
},
{
  "model": "auth.permission",
  "pk": 90,
  "fields": {
    "name": "Can change event",
    "content_type": 23,
    "codename": "change_event"
  }
},
{
  "model": "auth.permission",
  "pk": 91,
  "fields": {
    "name": "Can delete event",
    "content_type": 23,
    "codename": "delete_event"
  }
},
{
  "model": "auth.permission",
  "pk": 92,
  "fields": {
    "name": "Can view event",
    "content_type": 23,
    "codename": "view_event"
  }
},
{
  "model": "auth.permission",
  "pk": 93,
  "fields": {
    "name": "Can add facture",
    "content_type": 24,
    "codename": "add_facture"
  }
},
{
  "model": "auth.permission",
  "pk": 94,
  "fields": {
    "name": "Can change facture",
    "content_type": 24,
    "codename": "change_facture"
  }
},
{
  "model": "auth.permission",
  "pk": 95,
  "fields": {
    "name": "Can delete facture",
    "content_type": 24,
    "codename": "delete_facture"
  }
},
{
  "model": "auth.permission",
  "pk": 96,
  "fields": {
    "name": "Can view facture",
    "content_type": 24,
    "codename": "view_facture"
  }
},
{
  "model": "auth.permission",
  "pk": 97,
  "fields": {
    "name": "Can add facture partie",
    "content_type": 25,
    "codename": "add_facturepartie"
  }
},
{
  "model": "auth.permission",
  "pk": 98,
  "fields": {
    "name": "Can change facture partie",
    "content_type": 25,
    "codename": "change_facturepartie"
  }
},
{
  "model": "auth.permission",
  "pk": 99,
  "fields": {
    "name": "Can delete facture partie",
    "content_type": 25,
    "codename": "delete_facturepartie"
  }
},
{
  "model": "auth.permission",
  "pk": 100,
  "fields": {
    "name": "Can view facture partie",
    "content_type": 25,
    "codename": "view_facturepartie"
  }
},
{
  "model": "auth.permission",
  "pk": 101,
  "fields": {
    "name": "Can add facture sous partie",
    "content_type": 26,
    "codename": "add_facturesouspartie"
  }
},
{
  "model": "auth.permission",
  "pk": 102,
  "fields": {
    "name": "Can change facture sous partie",
    "content_type": 26,
    "codename": "change_facturesouspartie"
  }
},
{
  "model": "auth.permission",
  "pk": 103,
  "fields": {
    "name": "Can delete facture sous partie",
    "content_type": 26,
    "codename": "delete_facturesouspartie"
  }
},
{
  "model": "auth.permission",
  "pk": 104,
  "fields": {
    "name": "Can view facture sous partie",
    "content_type": 26,
    "codename": "view_facturesouspartie"
  }
},
{
  "model": "auth.permission",
  "pk": 105,
  "fields": {
    "name": "Can add facture ligne detail",
    "content_type": 27,
    "codename": "add_facturelignedetail"
  }
},
{
  "model": "auth.permission",
  "pk": 106,
  "fields": {
    "name": "Can change facture ligne detail",
    "content_type": 27,
    "codename": "change_facturelignedetail"
  }
},
{
  "model": "auth.permission",
  "pk": 107,
  "fields": {
    "name": "Can delete facture ligne detail",
    "content_type": 27,
    "codename": "delete_facturelignedetail"
  }
},
{
  "model": "auth.permission",
  "pk": 108,
  "fields": {
    "name": "Can view facture ligne detail",
    "content_type": 27,
    "codename": "view_facturelignedetail"
  }
},
{
  "model": "auth.permission",
  "pk": 109,
  "fields": {
    "name": "Can add facture ts",
    "content_type": 28,
    "codename": "add_facturets"
  }
},
{
  "model": "auth.permission",
  "pk": 110,
  "fields": {
    "name": "Can change facture ts",
    "content_type": 28,
    "codename": "change_facturets"
  }
},
{
  "model": "auth.permission",
  "pk": 111,
  "fields": {
    "name": "Can delete facture ts",
    "content_type": 28,
    "codename": "delete_facturets"
  }
},
{
  "model": "auth.permission",
  "pk": 112,
  "fields": {
    "name": "Can view facture ts",
    "content_type": 28,
    "codename": "view_facturets"
  }
},
{
  "model": "auth.permission",
  "pk": 113,
  "fields": {
    "name": "Can add fournisseur magasin",
    "content_type": 29,
    "codename": "add_fournisseurmagasin"
  }
},
{
  "model": "auth.permission",
  "pk": 114,
  "fields": {
    "name": "Can change fournisseur magasin",
    "content_type": 29,
    "codename": "change_fournisseurmagasin"
  }
},
{
  "model": "auth.permission",
  "pk": 115,
  "fields": {
    "name": "Can delete fournisseur magasin",
    "content_type": 29,
    "codename": "delete_fournisseurmagasin"
  }
},
{
  "model": "auth.permission",
  "pk": 116,
  "fields": {
    "name": "Can view fournisseur magasin",
    "content_type": 29,
    "codename": "view_fournisseurmagasin"
  }
},
{
  "model": "auth.permission",
  "pk": 117,
  "fields": {
    "name": "Can add labor cost",
    "content_type": 30,
    "codename": "add_laborcost"
  }
},
{
  "model": "auth.permission",
  "pk": 118,
  "fields": {
    "name": "Can change labor cost",
    "content_type": 30,
    "codename": "change_laborcost"
  }
},
{
  "model": "auth.permission",
  "pk": 119,
  "fields": {
    "name": "Can delete labor cost",
    "content_type": 30,
    "codename": "delete_laborcost"
  }
},
{
  "model": "auth.permission",
  "pk": 120,
  "fields": {
    "name": "Can view labor cost",
    "content_type": 30,
    "codename": "view_laborcost"
  }
},
{
  "model": "auth.permission",
  "pk": 121,
  "fields": {
    "name": "Can add facture ligne",
    "content_type": 31,
    "codename": "add_factureligne"
  }
},
{
  "model": "auth.permission",
  "pk": 122,
  "fields": {
    "name": "Can change facture ligne",
    "content_type": 31,
    "codename": "change_factureligne"
  }
},
{
  "model": "auth.permission",
  "pk": 123,
  "fields": {
    "name": "Can delete facture ligne",
    "content_type": 31,
    "codename": "delete_factureligne"
  }
},
{
  "model": "auth.permission",
  "pk": 124,
  "fields": {
    "name": "Can view facture ligne",
    "content_type": 31,
    "codename": "view_factureligne"
  }
},
{
  "model": "auth.permission",
  "pk": 125,
  "fields": {
    "name": "Can add devis ligne",
    "content_type": 32,
    "codename": "add_devisligne"
  }
},
{
  "model": "auth.permission",
  "pk": 126,
  "fields": {
    "name": "Can change devis ligne",
    "content_type": 32,
    "codename": "change_devisligne"
  }
},
{
  "model": "auth.permission",
  "pk": 127,
  "fields": {
    "name": "Can delete devis ligne",
    "content_type": 32,
    "codename": "delete_devisligne"
  }
},
{
  "model": "auth.permission",
  "pk": 128,
  "fields": {
    "name": "Can view devis ligne",
    "content_type": 32,
    "codename": "view_devisligne"
  }
},
{
  "model": "auth.permission",
  "pk": 129,
  "fields": {
    "name": "Can add monthly hours",
    "content_type": 33,
    "codename": "add_monthlyhours"
  }
},
{
  "model": "auth.permission",
  "pk": 130,
  "fields": {
    "name": "Can change monthly hours",
    "content_type": 33,
    "codename": "change_monthlyhours"
  }
},
{
  "model": "auth.permission",
  "pk": 131,
  "fields": {
    "name": "Can delete monthly hours",
    "content_type": 33,
    "codename": "delete_monthlyhours"
  }
},
{
  "model": "auth.permission",
  "pk": 132,
  "fields": {
    "name": "Can view monthly hours",
    "content_type": 33,
    "codename": "view_monthlyhours"
  }
},
{
  "model": "auth.permission",
  "pk": 133,
  "fields": {
    "name": "Can add monthly presence",
    "content_type": 34,
    "codename": "add_monthlypresence"
  }
},
{
  "model": "auth.permission",
  "pk": 134,
  "fields": {
    "name": "Can change monthly presence",
    "content_type": 34,
    "codename": "change_monthlypresence"
  }
},
{
  "model": "auth.permission",
  "pk": 135,
  "fields": {
    "name": "Can delete monthly presence",
    "content_type": 34,
    "codename": "delete_monthlypresence"
  }
},
{
  "model": "auth.permission",
  "pk": 136,
  "fields": {
    "name": "Can view monthly presence",
    "content_type": 34,
    "codename": "view_monthlypresence"
  }
},
{
  "model": "auth.permission",
  "pk": 137,
  "fields": {
    "name": "Can add Paiement Fournisseur Matériel",
    "content_type": 35,
    "codename": "add_paiementfournisseurmateriel"
  }
},
{
  "model": "auth.permission",
  "pk": 138,
  "fields": {
    "name": "Can change Paiement Fournisseur Matériel",
    "content_type": 35,
    "codename": "change_paiementfournisseurmateriel"
  }
},
{
  "model": "auth.permission",
  "pk": 139,
  "fields": {
    "name": "Can delete Paiement Fournisseur Matériel",
    "content_type": 35,
    "codename": "delete_paiementfournisseurmateriel"
  }
},
{
  "model": "auth.permission",
  "pk": 140,
  "fields": {
    "name": "Can view Paiement Fournisseur Matériel",
    "content_type": 35,
    "codename": "view_paiementfournisseurmateriel"
  }
},
{
  "model": "auth.permission",
  "pk": 141,
  "fields": {
    "name": "Can add presence",
    "content_type": 36,
    "codename": "add_presence"
  }
},
{
  "model": "auth.permission",
  "pk": 142,
  "fields": {
    "name": "Can change presence",
    "content_type": 36,
    "codename": "change_presence"
  }
},
{
  "model": "auth.permission",
  "pk": 143,
  "fields": {
    "name": "Can delete presence",
    "content_type": 36,
    "codename": "delete_presence"
  }
},
{
  "model": "auth.permission",
  "pk": 144,
  "fields": {
    "name": "Can view presence",
    "content_type": 36,
    "codename": "view_presence"
  }
},
{
  "model": "auth.permission",
  "pk": 145,
  "fields": {
    "name": "Can add quitus",
    "content_type": 37,
    "codename": "add_quitus"
  }
},
{
  "model": "auth.permission",
  "pk": 146,
  "fields": {
    "name": "Can change quitus",
    "content_type": 37,
    "codename": "change_quitus"
  }
},
{
  "model": "auth.permission",
  "pk": 147,
  "fields": {
    "name": "Can delete quitus",
    "content_type": 37,
    "codename": "delete_quitus"
  }
},
{
  "model": "auth.permission",
  "pk": 148,
  "fields": {
    "name": "Can view quitus",
    "content_type": 37,
    "codename": "view_quitus"
  }
},
{
  "model": "auth.permission",
  "pk": 149,
  "fields": {
    "name": "Can add schedule",
    "content_type": 38,
    "codename": "add_schedule"
  }
},
{
  "model": "auth.permission",
  "pk": 150,
  "fields": {
    "name": "Can change schedule",
    "content_type": 38,
    "codename": "change_schedule"
  }
},
{
  "model": "auth.permission",
  "pk": 151,
  "fields": {
    "name": "Can delete schedule",
    "content_type": 38,
    "codename": "delete_schedule"
  }
},
{
  "model": "auth.permission",
  "pk": 152,
  "fields": {
    "name": "Can view schedule",
    "content_type": 38,
    "codename": "view_schedule"
  }
},
{
  "model": "auth.permission",
  "pk": 153,
  "fields": {
    "name": "Can add situation",
    "content_type": 39,
    "codename": "add_situation"
  }
},
{
  "model": "auth.permission",
  "pk": 154,
  "fields": {
    "name": "Can change situation",
    "content_type": 39,
    "codename": "change_situation"
  }
},
{
  "model": "auth.permission",
  "pk": 155,
  "fields": {
    "name": "Can delete situation",
    "content_type": 39,
    "codename": "delete_situation"
  }
},
{
  "model": "auth.permission",
  "pk": 156,
  "fields": {
    "name": "Can view situation",
    "content_type": 39,
    "codename": "view_situation"
  }
},
{
  "model": "auth.permission",
  "pk": 157,
  "fields": {
    "name": "Can add situation date envoi",
    "content_type": 40,
    "codename": "add_situationdateenvoi"
  }
},
{
  "model": "auth.permission",
  "pk": 158,
  "fields": {
    "name": "Can change situation date envoi",
    "content_type": 40,
    "codename": "change_situationdateenvoi"
  }
},
{
  "model": "auth.permission",
  "pk": 159,
  "fields": {
    "name": "Can delete situation date envoi",
    "content_type": 40,
    "codename": "delete_situationdateenvoi"
  }
},
{
  "model": "auth.permission",
  "pk": 160,
  "fields": {
    "name": "Can view situation date envoi",
    "content_type": 40,
    "codename": "view_situationdateenvoi"
  }
},
{
  "model": "auth.permission",
  "pk": 161,
  "fields": {
    "name": "Can add situation facture cie",
    "content_type": 41,
    "codename": "add_situationfacturecie"
  }
},
{
  "model": "auth.permission",
  "pk": 162,
  "fields": {
    "name": "Can change situation facture cie",
    "content_type": 41,
    "codename": "change_situationfacturecie"
  }
},
{
  "model": "auth.permission",
  "pk": 163,
  "fields": {
    "name": "Can delete situation facture cie",
    "content_type": 41,
    "codename": "delete_situationfacturecie"
  }
},
{
  "model": "auth.permission",
  "pk": 164,
  "fields": {
    "name": "Can view situation facture cie",
    "content_type": 41,
    "codename": "view_situationfacturecie"
  }
},
{
  "model": "auth.permission",
  "pk": 165,
  "fields": {
    "name": "Can add situation ligne",
    "content_type": 42,
    "codename": "add_situationligne"
  }
},
{
  "model": "auth.permission",
  "pk": 166,
  "fields": {
    "name": "Can change situation ligne",
    "content_type": 42,
    "codename": "change_situationligne"
  }
},
{
  "model": "auth.permission",
  "pk": 167,
  "fields": {
    "name": "Can delete situation ligne",
    "content_type": 42,
    "codename": "delete_situationligne"
  }
},
{
  "model": "auth.permission",
  "pk": 168,
  "fields": {
    "name": "Can view situation ligne",
    "content_type": 42,
    "codename": "view_situationligne"
  }
},
{
  "model": "auth.permission",
  "pk": 169,
  "fields": {
    "name": "Can add situation ligne avenant",
    "content_type": 43,
    "codename": "add_situationligneavenant"
  }
},
{
  "model": "auth.permission",
  "pk": 170,
  "fields": {
    "name": "Can change situation ligne avenant",
    "content_type": 43,
    "codename": "change_situationligneavenant"
  }
},
{
  "model": "auth.permission",
  "pk": 171,
  "fields": {
    "name": "Can delete situation ligne avenant",
    "content_type": 43,
    "codename": "delete_situationligneavenant"
  }
},
{
  "model": "auth.permission",
  "pk": 172,
  "fields": {
    "name": "Can view situation ligne avenant",
    "content_type": 43,
    "codename": "view_situationligneavenant"
  }
},
{
  "model": "auth.permission",
  "pk": 173,
  "fields": {
    "name": "Can add situation ligne supplementaire",
    "content_type": 44,
    "codename": "add_situationlignesupplementaire"
  }
},
{
  "model": "auth.permission",
  "pk": 174,
  "fields": {
    "name": "Can change situation ligne supplementaire",
    "content_type": 44,
    "codename": "change_situationlignesupplementaire"
  }
},
{
  "model": "auth.permission",
  "pk": 175,
  "fields": {
    "name": "Can delete situation ligne supplementaire",
    "content_type": 44,
    "codename": "delete_situationlignesupplementaire"
  }
},
{
  "model": "auth.permission",
  "pk": 176,
  "fields": {
    "name": "Can view situation ligne supplementaire",
    "content_type": 44,
    "codename": "view_situationlignesupplementaire"
  }
},
{
  "model": "auth.permission",
  "pk": 177,
  "fields": {
    "name": "Can add societe",
    "content_type": 45,
    "codename": "add_societe"
  }
},
{
  "model": "auth.permission",
  "pk": 178,
  "fields": {
    "name": "Can change societe",
    "content_type": 45,
    "codename": "change_societe"
  }
},
{
  "model": "auth.permission",
  "pk": 179,
  "fields": {
    "name": "Can delete societe",
    "content_type": 45,
    "codename": "delete_societe"
  }
},
{
  "model": "auth.permission",
  "pk": 180,
  "fields": {
    "name": "Can view societe",
    "content_type": 45,
    "codename": "view_societe"
  }
},
{
  "model": "auth.permission",
  "pk": 181,
  "fields": {
    "name": "Can add sous partie",
    "content_type": 46,
    "codename": "add_souspartie"
  }
},
{
  "model": "auth.permission",
  "pk": 182,
  "fields": {
    "name": "Can change sous partie",
    "content_type": 46,
    "codename": "change_souspartie"
  }
},
{
  "model": "auth.permission",
  "pk": 183,
  "fields": {
    "name": "Can delete sous partie",
    "content_type": 46,
    "codename": "delete_souspartie"
  }
},
{
  "model": "auth.permission",
  "pk": 184,
  "fields": {
    "name": "Can view sous partie",
    "content_type": 46,
    "codename": "view_souspartie"
  }
},
{
  "model": "auth.permission",
  "pk": 185,
  "fields": {
    "name": "Can add Paiement Sous-Traitant",
    "content_type": 47,
    "codename": "add_paiementsoustraitant"
  }
},
{
  "model": "auth.permission",
  "pk": 186,
  "fields": {
    "name": "Can change Paiement Sous-Traitant",
    "content_type": 47,
    "codename": "change_paiementsoustraitant"
  }
},
{
  "model": "auth.permission",
  "pk": 187,
  "fields": {
    "name": "Can delete Paiement Sous-Traitant",
    "content_type": 47,
    "codename": "delete_paiementsoustraitant"
  }
},
{
  "model": "auth.permission",
  "pk": 188,
  "fields": {
    "name": "Can view Paiement Sous-Traitant",
    "content_type": 47,
    "codename": "view_paiementsoustraitant"
  }
},
{
  "model": "auth.permission",
  "pk": 189,
  "fields": {
    "name": "Can add stock",
    "content_type": 48,
    "codename": "add_stock"
  }
},
{
  "model": "auth.permission",
  "pk": 190,
  "fields": {
    "name": "Can change stock",
    "content_type": 48,
    "codename": "change_stock"
  }
},
{
  "model": "auth.permission",
  "pk": 191,
  "fields": {
    "name": "Can delete stock",
    "content_type": 48,
    "codename": "delete_stock"
  }
},
{
  "model": "auth.permission",
  "pk": 192,
  "fields": {
    "name": "Can view stock",
    "content_type": 48,
    "codename": "view_stock"
  }
},
{
  "model": "auth.permission",
  "pk": 193,
  "fields": {
    "name": "Can add ligne bon commande",
    "content_type": 49,
    "codename": "add_ligneboncommande"
  }
},
{
  "model": "auth.permission",
  "pk": 194,
  "fields": {
    "name": "Can change ligne bon commande",
    "content_type": 49,
    "codename": "change_ligneboncommande"
  }
},
{
  "model": "auth.permission",
  "pk": 195,
  "fields": {
    "name": "Can delete ligne bon commande",
    "content_type": 49,
    "codename": "delete_ligneboncommande"
  }
},
{
  "model": "auth.permission",
  "pk": 196,
  "fields": {
    "name": "Can view ligne bon commande",
    "content_type": 49,
    "codename": "view_ligneboncommande"
  }
},
{
  "model": "auth.permission",
  "pk": 197,
  "fields": {
    "name": "Can add stock history",
    "content_type": 50,
    "codename": "add_stockhistory"
  }
},
{
  "model": "auth.permission",
  "pk": 198,
  "fields": {
    "name": "Can change stock history",
    "content_type": 50,
    "codename": "change_stockhistory"
  }
},
{
  "model": "auth.permission",
  "pk": 199,
  "fields": {
    "name": "Can delete stock history",
    "content_type": 50,
    "codename": "delete_stockhistory"
  }
},
{
  "model": "auth.permission",
  "pk": 200,
  "fields": {
    "name": "Can view stock history",
    "content_type": 50,
    "codename": "view_stockhistory"
  }
},
{
  "model": "auth.permission",
  "pk": 201,
  "fields": {
    "name": "Can add stock movement",
    "content_type": 51,
    "codename": "add_stockmovement"
  }
},
{
  "model": "auth.permission",
  "pk": 202,
  "fields": {
    "name": "Can change stock movement",
    "content_type": 51,
    "codename": "change_stockmovement"
  }
},
{
  "model": "auth.permission",
  "pk": 203,
  "fields": {
    "name": "Can delete stock movement",
    "content_type": 51,
    "codename": "delete_stockmovement"
  }
},
{
  "model": "auth.permission",
  "pk": 204,
  "fields": {
    "name": "Can view stock movement",
    "content_type": 51,
    "codename": "view_stockmovement"
  }
},
{
  "model": "auth.permission",
  "pk": 205,
  "fields": {
    "name": "Can add agency expense override",
    "content_type": 52,
    "codename": "add_agencyexpenseoverride"
  }
},
{
  "model": "auth.permission",
  "pk": 206,
  "fields": {
    "name": "Can change agency expense override",
    "content_type": 52,
    "codename": "change_agencyexpenseoverride"
  }
},
{
  "model": "auth.permission",
  "pk": 207,
  "fields": {
    "name": "Can delete agency expense override",
    "content_type": 52,
    "codename": "delete_agencyexpenseoverride"
  }
},
{
  "model": "auth.permission",
  "pk": 208,
  "fields": {
    "name": "Can view agency expense override",
    "content_type": 52,
    "codename": "view_agencyexpenseoverride"
  }
},
{
  "model": "auth.permission",
  "pk": 209,
  "fields": {
    "name": "Can add avenant sous traitance",
    "content_type": 53,
    "codename": "add_avenantsoustraitance"
  }
},
{
  "model": "auth.permission",
  "pk": 210,
  "fields": {
    "name": "Can change avenant sous traitance",
    "content_type": 53,
    "codename": "change_avenantsoustraitance"
  }
},
{
  "model": "auth.permission",
  "pk": 211,
  "fields": {
    "name": "Can delete avenant sous traitance",
    "content_type": 53,
    "codename": "delete_avenantsoustraitance"
  }
},
{
  "model": "auth.permission",
  "pk": 212,
  "fields": {
    "name": "Can view avenant sous traitance",
    "content_type": 53,
    "codename": "view_avenantsoustraitance"
  }
},
{
  "model": "auth.permission",
  "pk": 213,
  "fields": {
    "name": "Can add Banque",
    "content_type": 54,
    "codename": "add_banque"
  }
},
{
  "model": "auth.permission",
  "pk": 214,
  "fields": {
    "name": "Can change Banque",
    "content_type": 54,
    "codename": "change_banque"
  }
},
{
  "model": "auth.permission",
  "pk": 215,
  "fields": {
    "name": "Can delete Banque",
    "content_type": 54,
    "codename": "delete_banque"
  }
},
{
  "model": "auth.permission",
  "pk": 216,
  "fields": {
    "name": "Can view Banque",
    "content_type": 54,
    "codename": "view_banque"
  }
},
{
  "model": "auth.permission",
  "pk": 217,
  "fields": {
    "name": "Can add appel offres",
    "content_type": 55,
    "codename": "add_appeloffres"
  }
},
{
  "model": "auth.permission",
  "pk": 218,
  "fields": {
    "name": "Can change appel offres",
    "content_type": 55,
    "codename": "change_appeloffres"
  }
},
{
  "model": "auth.permission",
  "pk": 219,
  "fields": {
    "name": "Can delete appel offres",
    "content_type": 55,
    "codename": "delete_appeloffres"
  }
},
{
  "model": "auth.permission",
  "pk": 220,
  "fields": {
    "name": "Can view appel offres",
    "content_type": 55,
    "codename": "view_appeloffres"
  }
},
{
  "model": "auth.permission",
  "pk": 221,
  "fields": {
    "name": "Can add agency expense aggregate",
    "content_type": 56,
    "codename": "add_agencyexpenseaggregate"
  }
},
{
  "model": "auth.permission",
  "pk": 222,
  "fields": {
    "name": "Can change agency expense aggregate",
    "content_type": 56,
    "codename": "change_agencyexpenseaggregate"
  }
},
{
  "model": "auth.permission",
  "pk": 223,
  "fields": {
    "name": "Can delete agency expense aggregate",
    "content_type": 56,
    "codename": "delete_agencyexpenseaggregate"
  }
},
{
  "model": "auth.permission",
  "pk": 224,
  "fields": {
    "name": "Can view agency expense aggregate",
    "content_type": 56,
    "codename": "view_agencyexpenseaggregate"
  }
},
{
  "model": "auth.permission",
  "pk": 225,
  "fields": {
    "name": "Can add Document",
    "content_type": 57,
    "codename": "add_document"
  }
},
{
  "model": "auth.permission",
  "pk": 226,
  "fields": {
    "name": "Can change Document",
    "content_type": 57,
    "codename": "change_document"
  }
},
{
  "model": "auth.permission",
  "pk": 227,
  "fields": {
    "name": "Can delete Document",
    "content_type": 57,
    "codename": "delete_document"
  }
},
{
  "model": "auth.permission",
  "pk": 228,
  "fields": {
    "name": "Can view Document",
    "content_type": 57,
    "codename": "view_document"
  }
},
{
  "model": "auth.user",
  "pk": 1,
  "fields": {
    "password": "pbkdf2_sha256$870000$NiuKnKCyiW3uSamboRfIWL$ltYWUkA7lYJoG6xDq6cAG37+XaWIYHvGcaCLT4MkvII=",
    "last_login": "2025-08-21T11:42:27.318Z",
    "is_superuser": true,
    "username": "admin",
    "first_name": "Administrateur",
    "last_name": "P3000",
    "email": "admin@p3000.com",
    "is_staff": true,
    "is_active": true,
    "date_joined": "2025-08-19T17:30:33.742Z",
    "groups": [],
    "user_permissions": []
  }
},
{
  "model": "auth.user",
  "pk": 2,
  "fields": {
    "password": "pbkdf2_sha256$870000$HT3hKwLnx3xtsdy9dRtVmV$F78TtD9MwkIUSQ8tyDgpfhvoAMP9StYBYMeT6lHLi9w=",
    "last_login": null,
    "is_superuser": false,
    "username": "user1",
    "first_name": "Utilisateur",
    "last_name": "Test 1",
    "email": "user1@p3000.com",
    "is_staff": false,
    "is_active": true,
    "date_joined": "2025-08-19T17:30:34.848Z",
    "groups": [],
    "user_permissions": []
  }
},
{
  "model": "auth.user",
  "pk": 3,
  "fields": {
    "password": "pbkdf2_sha256$870000$7LxFFLIqUt0cQx8QOfIO9c$nDusJ3OzNTimrDJ2Q65WskpyiV0+f5I/8/sKirwnoYA=",
    "last_login": null,
    "is_superuser": false,
    "username": "user2",
    "first_name": "Utilisateur",
    "last_name": "Test 2",
    "email": "user2@p3000.com",
    "is_staff": false,
    "is_active": true,
    "date_joined": "2025-08-19T17:30:35.963Z",
    "groups": [],
    "user_permissions": []
  }
},
{
  "model": "contenttypes.contenttype",
  "pk": 1,
  "fields": {
    "app_label": "admin",
    "model": "logentry"
  }
},
{
  "model": "contenttypes.contenttype",
  "pk": 2,
  "fields": {
    "app_label": "auth",
    "model": "permission"
  }
},
{
  "model": "contenttypes.contenttype",
  "pk": 3,
  "fields": {
    "app_label": "auth",
    "model": "group"
  }
},
{
  "model": "contenttypes.contenttype",
  "pk": 4,
  "fields": {
    "app_label": "auth",
    "model": "user"
  }
},
{
  "model": "contenttypes.contenttype",
  "pk": 5,
  "fields": {
    "app_label": "contenttypes",
    "model": "contenttype"
  }
},
{
  "model": "contenttypes.contenttype",
  "pk": 6,
  "fields": {
    "app_label": "sessions",
    "model": "session"
  }
},
{
  "model": "contenttypes.contenttype",
  "pk": 7,
  "fields": {
    "app_label": "api",
    "model": "agencyexpense"
  }
},
{
  "model": "contenttypes.contenttype",
  "pk": 8,
  "fields": {
    "app_label": "api",
    "model": "agent"
  }
},
{
  "model": "contenttypes.contenttype",
  "pk": 9,
  "fields": {
    "app_label": "api",
    "model": "chantier"
  }
},
{
  "model": "contenttypes.contenttype",
  "pk": 10,
  "fields": {
    "app_label": "api",
    "model": "client"
  }
},
{
  "model": "contenttypes.contenttype",
  "pk": 11,
  "fields": {
    "app_label": "api",
    "model": "fournisseur"
  }
},
{
  "model": "contenttypes.contenttype",
  "pk": 12,
  "fields": {
    "app_label": "api",
    "model": "lignedetail"
  }
},
{
  "model": "contenttypes.contenttype",
  "pk": 13,
  "fields": {
    "app_label": "api",
    "model": "materiel_produit"
  }
},
{
  "model": "contenttypes.contenttype",
  "pk": 14,
  "fields": {
    "app_label": "api",
    "model": "parametres"
  }
},
{
  "model": "contenttypes.contenttype",
  "pk": 15,
  "fields": {
    "app_label": "api",
    "model": "partie"
  }
},
{
  "model": "contenttypes.contenttype",
  "pk": 16,
  "fields": {
    "app_label": "api",
    "model": "soustraitant"
  }
},
{
  "model": "contenttypes.contenttype",
  "pk": 17,
  "fields": {
    "app_label": "api",
    "model": "tauxfixe"
  }
},
{
  "model": "contenttypes.contenttype",
  "pk": 18,
  "fields": {
    "app_label": "api",
    "model": "boncommande"
  }
},
{
  "model": "contenttypes.contenttype",
  "pk": 19,
  "fields": {
    "app_label": "api",
    "model": "avenant"
  }
},
{
  "model": "contenttypes.contenttype",
  "pk": 20,
  "fields": {
    "app_label": "api",
    "model": "chantierlignesupplementaire"
  }
},
{
  "model": "contenttypes.contenttype",
  "pk": 21,
  "fields": {
    "app_label": "api",
    "model": "contratsoustraitance"
  }
},
{
  "model": "contenttypes.contenttype",
  "pk": 22,
  "fields": {
    "app_label": "api",
    "model": "devis"
  }
},
{
  "model": "contenttypes.contenttype",
  "pk": 23,
  "fields": {
    "app_label": "api",
    "model": "event"
  }
},
{
  "model": "contenttypes.contenttype",
  "pk": 24,
  "fields": {
    "app_label": "api",
    "model": "facture"
  }
},
{
  "model": "contenttypes.contenttype",
  "pk": 25,
  "fields": {
    "app_label": "api",
    "model": "facturepartie"
  }
},
{
  "model": "contenttypes.contenttype",
  "pk": 26,
  "fields": {
    "app_label": "api",
    "model": "facturesouspartie"
  }
},
{
  "model": "contenttypes.contenttype",
  "pk": 27,
  "fields": {
    "app_label": "api",
    "model": "facturelignedetail"
  }
},
{
  "model": "contenttypes.contenttype",
  "pk": 28,
  "fields": {
    "app_label": "api",
    "model": "facturets"
  }
},
{
  "model": "contenttypes.contenttype",
  "pk": 29,
  "fields": {
    "app_label": "api",
    "model": "fournisseurmagasin"
  }
},
{
  "model": "contenttypes.contenttype",
  "pk": 30,
  "fields": {
    "app_label": "api",
    "model": "laborcost"
  }
},
{
  "model": "contenttypes.contenttype",
  "pk": 31,
  "fields": {
    "app_label": "api",
    "model": "factureligne"
  }
},
{
  "model": "contenttypes.contenttype",
  "pk": 32,
  "fields": {
    "app_label": "api",
    "model": "devisligne"
  }
},
{
  "model": "contenttypes.contenttype",
  "pk": 33,
  "fields": {
    "app_label": "api",
    "model": "monthlyhours"
  }
},
{
  "model": "contenttypes.contenttype",
  "pk": 34,
  "fields": {
    "app_label": "api",
    "model": "monthlypresence"
  }
},
{
  "model": "contenttypes.contenttype",
  "pk": 35,
  "fields": {
    "app_label": "api",
    "model": "paiementfournisseurmateriel"
  }
},
{
  "model": "contenttypes.contenttype",
  "pk": 36,
  "fields": {
    "app_label": "api",
    "model": "presence"
  }
},
{
  "model": "contenttypes.contenttype",
  "pk": 37,
  "fields": {
    "app_label": "api",
    "model": "quitus"
  }
},
{
  "model": "contenttypes.contenttype",
  "pk": 38,
  "fields": {
    "app_label": "api",
    "model": "schedule"
  }
},
{
  "model": "contenttypes.contenttype",
  "pk": 39,
  "fields": {
    "app_label": "api",
    "model": "situation"
  }
},
{
  "model": "contenttypes.contenttype",
  "pk": 40,
  "fields": {
    "app_label": "api",
    "model": "situationdateenvoi"
  }
},
{
  "model": "contenttypes.contenttype",
  "pk": 41,
  "fields": {
    "app_label": "api",
    "model": "situationfacturecie"
  }
},
{
  "model": "contenttypes.contenttype",
  "pk": 42,
  "fields": {
    "app_label": "api",
    "model": "situationligne"
  }
},
{
  "model": "contenttypes.contenttype",
  "pk": 43,
  "fields": {
    "app_label": "api",
    "model": "situationligneavenant"
  }
},
{
  "model": "contenttypes.contenttype",
  "pk": 44,
  "fields": {
    "app_label": "api",
    "model": "situationlignesupplementaire"
  }
},
{
  "model": "contenttypes.contenttype",
  "pk": 45,
  "fields": {
    "app_label": "api",
    "model": "societe"
  }
},
{
  "model": "contenttypes.contenttype",
  "pk": 46,
  "fields": {
    "app_label": "api",
    "model": "souspartie"
  }
},
{
  "model": "contenttypes.contenttype",
  "pk": 47,
  "fields": {
    "app_label": "api",
    "model": "paiementsoustraitant"
  }
},
{
  "model": "contenttypes.contenttype",
  "pk": 48,
  "fields": {
    "app_label": "api",
    "model": "stock"
  }
},
{
  "model": "contenttypes.contenttype",
  "pk": 49,
  "fields": {
    "app_label": "api",
    "model": "ligneboncommande"
  }
},
{
  "model": "contenttypes.contenttype",
  "pk": 50,
  "fields": {
    "app_label": "api",
    "model": "stockhistory"
  }
},
{
  "model": "contenttypes.contenttype",
  "pk": 51,
  "fields": {
    "app_label": "api",
    "model": "stockmovement"
  }
},
{
  "model": "contenttypes.contenttype",
  "pk": 52,
  "fields": {
    "app_label": "api",
    "model": "agencyexpenseoverride"
  }
},
{
  "model": "contenttypes.contenttype",
  "pk": 53,
  "fields": {
    "app_label": "api",
    "model": "avenantsoustraitance"
  }
},
{
  "model": "contenttypes.contenttype",
  "pk": 54,
  "fields": {
    "app_label": "api",
    "model": "banque"
  }
},
{
  "model": "contenttypes.contenttype",
  "pk": 55,
  "fields": {
    "app_label": "api",
    "model": "appeloffres"
  }
},
{
  "model": "contenttypes.contenttype",
  "pk": 56,
  "fields": {
    "app_label": "api",
    "model": "agencyexpenseaggregate"
  }
},
{
  "model": "contenttypes.contenttype",
  "pk": 57,
  "fields": {
    "app_label": "api",
    "model": "document"
  }
},
{
  "model": "sessions.session",
  "pk": "5ti9ukzv0huu0rez2mr9uwkba3x76sdu",
  "fields": {
    "session_data": ".eJxVjEEOwiAQRe_C2pABnKG6dO8ZGpgBqRpISrsy3l2bdKHb_977LzWGdSnj2tM8TqLOyqjD7xYDP1LdgNxDvTXNrS7zFPWm6J12fW2Snpfd_TsooZdvjTmDtwkIIVOGITnCYxT2QmyQQZxPJpAVBDQnn5kiIA3ENjsicer9AdpaN3U:1up1eV:a4wu2Hpum0HETVg-0uOWifZdcxPp-a5-7vLvBu794Ls",
    "expire_date": "2025-08-21T10:32:11.795Z"
  }
},
{
  "model": "sessions.session",
  "pk": "7b60xfn0kv5klajy5j42ajkove6cakts",
  "fields": {
    "session_data": ".eJxVjEEOwiAQRe_C2pABnKG6dO8ZGpgBqRpISrsy3l2bdKHb_977LzWGdSnj2tM8TqLOyqjD7xYDP1LdgNxDvTXNrS7zFPWm6J12fW2Snpfd_TsooZdvjTmDtwkIIVOGITnCYxT2QmyQQZxPJpAVBDQnn5kiIA3ENjsicer9AdpaN3U:1uoeMT:A5njY5_yngo8KtE--4e0D3Ms-PW4KIFhfYg5zGCrxds",
    "expire_date": "2025-09-03T08:40:01.097Z"
  }
},
{
  "model": "sessions.session",
  "pk": "mbt0wxl90x51w3vagpmxi0qiccpo469n",
  "fields": {
    "session_data": ".eJxVjEEOwiAQRe_C2pABnKG6dO8ZGpgBqRpISrsy3l2bdKHb_977LzWGdSnj2tM8TqLOyqjD7xYDP1LdgNxDvTXNrS7zFPWm6J12fW2Snpfd_TsooZdvjTmDtwkIIVOGITnCYxT2QmyQQZxPJpAVBDQnn5kiIA3ENjsicer9AdpaN3U:1uoQAt:aQVNMogwJpsA-9hd4I-kndqE_Q-r2AeIQfPW1_1dwbY",
    "expire_date": "2025-09-02T17:31:07.512Z"
  }
},
{
  "model": "sessions.session",
  "pk": "mokxbzdy0wlnghopxde662wutuuwpk1x",
  "fields": {
    "session_data": ".eJxVjEEOwiAQRe_C2pABnKG6dO8ZGpgBqRpISrsy3l2bdKHb_977LzWGdSnj2tM8TqLOyqjD7xYDP1LdgNxDvTXNrS7zFPWm6J12fW2Snpfd_TsooZdvjTmDtwkIIVOGITnCYxT2QmyQQZxPJpAVBDQnn5kiIA3ENjsicer9AdpaN3U:1uohuZ:AnqkaSnGLIrf_OuctslpYeJe6t2ZJP6yK93lVd_0q_Q",
    "expire_date": "2025-08-20T13:27:27.861Z"
  }
},
{
  "model": "sessions.session",
  "pk": "vf2rqjwj03yzo8ak0qjs4arbi55fqz6c",
  "fields": {
    "session_data": ".eJxVjEEOwiAQRe_C2pABnKG6dO8ZGpgBqRpISrsy3l2bdKHb_977LzWGdSnj2tM8TqLOyqjD7xYDP1LdgNxDvTXNrS7zFPWm6J12fW2Snpfd_TsooZdvjTmDtwkIIVOGITnCYxT2QmyQQZxPJpAVBDQnn5kiIA3ENjsicer9AdpaN3U:1up4Mv:G7zrDaoq_6-9eYsa_tDsI6eDzNiomXFztTI0vfcLeIo",
    "expire_date": "2025-08-21T13:26:13.834Z"
  }
},
{
  "model": "api.client",
  "pk": 1,
  "fields": {
    "name": "Mr COQUILLAT",
    "surname": "Thierry",
    "client_mail": "tcoquillat@promothee-immo.com",
    "phone_Number": 766878894
  }
},
{
  "model": "api.client",
  "pk": 2,
  "fields": {
    "name": "Mr COQUILLAT",
    "surname": "Thierry",
    "client_mail": "tcoquillat@promothee-immo.com",
    "phone_Number": 766878894
  }
},
{
  "model": "api.client",
  "pk": 3,
  "fields": {
    "name": "Mr COQUILLAT",
    "surname": "Thierry",
    "client_mail": "tcoquillat@promothee-immo.com",
    "phone_Number": 766878894
  }
},
{
  "model": "api.societe",
  "pk": 1,
  "fields": {
    "nom_societe": "PROMOTHEE PROMOTION",
    "ville_societe": "Sanary-sur-meer",
    "rue_societe": "1014. Chemin des Roches",
    "codepostal_societe": "83110",
    "client_name": 1
  }
},
{
  "model": "api.chantier",
  "pk": 1,
  "fields": {
    "chantier_name": "Test Ligne Display",
    "societe": 1,
    "date_debut": "2025-08-20",
    "date_fin": null,
    "montant_ttc": 11059.2,
    "montant_ht": 9216.0,
    "state_chantier": "En Cours",
    "ville": "Marseille",
    "rue": "Traverse Abondance ",
    "code_postal": "13014",
    "cout_materiel": null,
    "cout_main_oeuvre": null,
    "cout_sous_traitance": 4000.0,
    "cout_estime_main_oeuvre": "-1000.00",
    "cout_estime_materiel": "3400.00",
    "marge_estimee": "2816.00",
    "description": "",
    "taux_fixe": 20.0
  }
},
{
  "model": "api.chantier",
  "pk": 2,
  "fields": {
    "chantier_name": "TestSituation",
    "societe": 1,
    "date_debut": "2025-08-20",
    "date_fin": null,
    "montant_ttc": 1219.2,
    "montant_ht": 1016.0,
    "state_chantier": "En Cours",
    "ville": "Marseille",
    "rue": "Avenue de saint menet",
    "code_postal": "13014",
    "cout_materiel": null,
    "cout_main_oeuvre": null,
    "cout_sous_traitance": null,
    "cout_estime_main_oeuvre": "1000.00",
    "cout_estime_materiel": "400.00",
    "marge_estimee": "-664.00",
    "description": "",
    "taux_fixe": 20.0
  }
},
{
  "model": "api.appeloffres",
  "pk": 1,
  "fields": {
    "chantier_name": "APOLLINIA",
    "societe": 1,
    "date_debut": "2025-08-20",
    "date_fin": null,
    "montant_ttc": 1537.92,
    "montant_ht": 1281.6,
    "state_chantier": "En Cours",
    "ville": "Aix-En-Provence",
    "rue": "Avenue de Saint-Jérome",
    "code_postal": "13100",
    "cout_materiel": null,
    "cout_main_oeuvre": null,
    "cout_sous_traitance": null,
    "cout_estime_main_oeuvre": "400.00",
    "cout_estime_materiel": "490.00",
    "marge_estimee": "391.60",
    "description": "",
    "taux_fixe": 20.0,
    "statut": "valide",
    "date_validation": "2025-08-20",
    "raison_refus": null
  }
},
{
  "model": "api.appeloffres",
  "pk": 2,
  "fields": {
    "chantier_name": "Test Ligne Display",
    "societe": 1,
    "date_debut": "2025-08-20",
    "date_fin": null,
    "montant_ttc": 11059.2,
    "montant_ht": 9216.0,
    "state_chantier": "En Cours",
    "ville": "Marseille",
    "rue": "Traverse Abondance ",
    "code_postal": "13014",
    "cout_materiel": null,
    "cout_main_oeuvre": null,
    "cout_sous_traitance": null,
    "cout_estime_main_oeuvre": "3000.00",
    "cout_estime_materiel": "3400.00",
    "marge_estimee": "2816.00",
    "description": "",
    "taux_fixe": 20.0,
    "statut": "valide",
    "date_validation": "2025-08-20",
    "raison_refus": null
  }
},
{
  "model": "api.appeloffres",
  "pk": 3,
  "fields": {
    "chantier_name": "TestSituation",
    "societe": 1,
    "date_debut": "2025-08-20",
    "date_fin": null,
    "montant_ttc": 1219.2,
    "montant_ht": 1016.0,
    "state_chantier": "En Cours",
    "ville": "Marseille",
    "rue": "Avenue de saint menet",
    "code_postal": "13014",
    "cout_materiel": null,
    "cout_main_oeuvre": null,
    "cout_sous_traitance": null,
    "cout_estime_main_oeuvre": "1000.00",
    "cout_estime_materiel": "400.00",
    "marge_estimee": "-664.00",
    "description": "",
    "taux_fixe": 20.0,
    "statut": "valide",
    "date_validation": "2025-08-20",
    "raison_refus": null
  }
},
{
  "model": "api.devis",
  "pk": 1,
  "fields": {
    "numero": "DEV-001-25 - APOLLINIA",
    "date_creation": "2025-08-20T14:28:11.713Z",
    "price_ht": 1281.6,
    "price_ttc": 1537.92,
    "tva_rate": 20.0,
    "nature_travaux": "LOT N°07 - FACADES",
    "description": "",
    "status": "En attente",
    "chantier": null,
    "appel_offres": 1,
    "lignes_speciales": {
      "global": [],
      "parties": {},
      "sousParties": {}
    },
    "lignes_display": {},
    "devis_chantier": true,
    "client": [
      1
    ]
  }
},
{
  "model": "api.devis",
  "pk": 2,
  "fields": {
    "numero": "DEV-002-25 - Test Ligne Display ",
    "date_creation": "2025-08-20T14:44:36.698Z",
    "price_ht": 9216.0,
    "price_ttc": 11059.2,
    "tva_rate": 20.0,
    "nature_travaux": "Test création ",
    "description": "",
    "status": "En attente",
    "chantier": 1,
    "appel_offres": null,
    "lignes_speciales": {
      "global": [],
      "parties": {},
      "sousParties": {}
    },
    "lignes_display": {
      "global": [
        {
          "description": "Test afiichage ",
          "value": 3000,
          "valueType": "fixed",
          "type": "display",
          "isHighlighted": true
        }
      ],
      "parties": {},
      "sousParties": {}
    },
    "devis_chantier": true,
    "client": [
      2
    ]
  }
},
{
  "model": "api.devis",
  "pk": 3,
  "fields": {
    "numero": "DEV-003-25 - TestSituation",
    "date_creation": "2025-08-20T15:32:53.381Z",
    "price_ht": 1016.0,
    "price_ttc": 1219.2,
    "tva_rate": 20.0,
    "nature_travaux": "",
    "description": "",
    "status": "En attente",
    "chantier": 2,
    "appel_offres": null,
    "lignes_speciales": {
      "global": [
        {
          "description": "Test situation ",
          "value": 1000,
          "valueType": "fixed",
          "type": "reduction",
          "isHighlighted": true
        }
      ],
      "parties": {},
      "sousParties": {}
    },
    "lignes_display": {
      "global": [],
      "parties": {},
      "sousParties": {}
    },
    "devis_chantier": true,
    "client": [
      3
    ]
  }
},
{
  "model": "api.lignedetail",
  "pk": 1,
  "fields": {
    "sous_partie": 1,
    "partie": null,
    "description": "Peinture velouté des circulations rdc et étages",
    "unite": "5",
    "cout_main_oeuvre": "1.00",
    "cout_materiel": "1.00",
    "taux_fixe": "20.00",
    "marge": "20.00",
    "prix": "2.88"
  }
},
{
  "model": "api.lignedetail",
  "pk": 2,
  "fields": {
    "sous_partie": 2,
    "partie": null,
    "description": "Façade de gaines palières",
    "unite": "4",
    "cout_main_oeuvre": "4.00",
    "cout_materiel": "10.00",
    "taux_fixe": "20.00",
    "marge": "20.00",
    "prix": "20.16"
  }
},
{
  "model": "api.lignedetail",
  "pk": 3,
  "fields": {
    "sous_partie": 2,
    "partie": null,
    "description": "Plafond Hall sociaux",
    "unite": "4",
    "cout_main_oeuvre": "5.00",
    "cout_materiel": "5.00",
    "taux_fixe": "20.00",
    "marge": "20.00",
    "prix": "14.40"
  }
},
{
  "model": "api.lignedetail",
  "pk": 4,
  "fields": {
    "sous_partie": 3,
    "partie": null,
    "description": "Peinture de sol - yc plinthe uiahfuao n oanfaonf anf apfp afpn apifp a,fpna pfp afpan pfnpipi pinaip ipaippjp s 10cm",
    "unite": "m²",
    "cout_main_oeuvre": "5.00",
    "cout_materiel": "2.00",
    "taux_fixe": "20.00",
    "marge": "20.00",
    "prix": "10.08"
  }
},
{
  "model": "api.lignedetail",
  "pk": 5,
  "fields": {
    "sous_partie": 4,
    "partie": null,
    "description": "2- Peinture Glycéro phtalique sur ouvrages divers",
    "unite": "m²",
    "cout_main_oeuvre": "10.00",
    "cout_materiel": "5.00",
    "taux_fixe": "20.00",
    "marge": "20.00",
    "prix": "21.60"
  }
},
{
  "model": "api.lignedetail",
  "pk": 6,
  "fields": {
    "sous_partie": 1,
    "partie": null,
    "description": "3.2 test",
    "unite": "ml",
    "cout_main_oeuvre": "5.00",
    "cout_materiel": "10.00",
    "taux_fixe": "20.00",
    "marge": "20.00",
    "prix": "21.60"
  }
},
{
  "model": "api.devisligne",
  "pk": 1,
  "fields": {
    "devis": 1,
    "ligne_detail": 4,
    "quantite": "10.00",
    "prix_unitaire": "10.08"
  }
},
{
  "model": "api.devisligne",
  "pk": 2,
  "fields": {
    "devis": 1,
    "ligne_detail": 5,
    "quantite": "10.00",
    "prix_unitaire": "21.60"
  }
},
{
  "model": "api.devisligne",
  "pk": 3,
  "fields": {
    "devis": 1,
    "ligne_detail": 2,
    "quantite": "20.00",
    "prix_unitaire": "20.16"
  }
},
{
  "model": "api.devisligne",
  "pk": 4,
  "fields": {
    "devis": 1,
    "ligne_detail": 3,
    "quantite": "20.00",
    "prix_unitaire": "14.40"
  }
},
{
  "model": "api.devisligne",
  "pk": 5,
  "fields": {
    "devis": 1,
    "ligne_detail": 6,
    "quantite": "10.00",
    "prix_unitaire": "21.60"
  }
},
{
  "model": "api.devisligne",
  "pk": 6,
  "fields": {
    "devis": 1,
    "ligne_detail": 1,
    "quantite": "20.00",
    "prix_unitaire": "2.88"
  }
},
{
  "model": "api.devisligne",
  "pk": 7,
  "fields": {
    "devis": 2,
    "ligne_detail": 4,
    "quantite": "200.00",
    "prix_unitaire": "10.08"
  }
},
{
  "model": "api.devisligne",
  "pk": 8,
  "fields": {
    "devis": 2,
    "ligne_detail": 5,
    "quantite": "100.00",
    "prix_unitaire": "21.60"
  }
},
{
  "model": "api.devisligne",
  "pk": 9,
  "fields": {
    "devis": 2,
    "ligne_detail": 2,
    "quantite": "250.00",
    "prix_unitaire": "20.16"
  }
},
{
  "model": "api.devisligne",
  "pk": 10,
  "fields": {
    "devis": 3,
    "ligne_detail": 4,
    "quantite": "200.00",
    "prix_unitaire": "10.08"
  }
},
{
  "model": "api.situation",
  "pk": 1,
  "fields": {
    "chantier": 1,
    "devis": 2,
    "numero": 1,
    "numero_situation": "FACT-001-25 - Situation n°01",
    "numero_cp": null,
    "banque": null,
    "mois": 8,
    "annee": 2025,
    "date_creation": "2025-08-20T14:45:15.863Z",
    "date_validation": null,
    "statut": "brouillon",
    "date_envoi": null,
    "delai_paiement": 45,
    "montant_reel_ht": null,
    "date_paiement_reel": null,
    "montant_precedent": "0.00",
    "montant_ht_mois": "1995.84",
    "montant_total": "0.00",
    "pourcentage_avancement": "21.66",
    "cumul_precedent": "0.00",
    "montant_apres_retenues": "1848.65",
    "montant_total_cumul_ht": "0.00",
    "tva": "369.73",
    "retenue_garantie": "99.79",
    "taux_prorata": "2.50",
    "montant_prorata": "49.90",
    "retenue_cie": "0.00",
    "created_by": null,
    "validated_by": null,
    "montant_total_devis": "0.00",
    "montant_total_travaux": "0.00",
    "total_avancement": "0.00"
  }
},
{
  "model": "api.situation",
  "pk": 2,
  "fields": {
    "chantier": 2,
    "devis": 3,
    "numero": 1,
    "numero_situation": "FACT-002-25 - Situation n°01",
    "numero_cp": null,
    "banque": null,
    "mois": 8,
    "annee": 2025,
    "date_creation": "2025-08-20T16:00:59.027Z",
    "date_validation": null,
    "statut": "brouillon",
    "date_envoi": null,
    "delai_paiement": 45,
    "montant_reel_ht": null,
    "date_paiement_reel": null,
    "montant_precedent": "0.00",
    "montant_ht_mois": "1016.00",
    "montant_total": "0.00",
    "pourcentage_avancement": "100.00",
    "cumul_precedent": "0.00",
    "montant_apres_retenues": "941.07",
    "montant_total_cumul_ht": "0.00",
    "tva": "188.21",
    "retenue_garantie": "100.80",
    "taux_prorata": "2.50",
    "montant_prorata": "50.40",
    "retenue_cie": "0.00",
    "created_by": null,
    "validated_by": null,
    "montant_total_devis": "0.00",
    "montant_total_travaux": "0.00",
    "total_avancement": "0.00"
  }
},
{
  "model": "api.situationligne",
  "pk": 1,
  "fields": {
    "situation": 1,
    "ligne_devis": 7,
    "description": "Peinture de sol - yc plinthe uiahfuao n oanfaonf anf apfp afpn apifp a,fpna pfp afpan pfnpipi pinaip ipaippjp s 10cm",
    "quantite": "200.00",
    "prix_unitaire": "10.08",
    "total_ht": "2016.00",
    "pourcentage_precedent": "0.00",
    "pourcentage_actuel": "99.00",
    "montant": "1995.84"
  }
},
{
  "model": "api.situationligne",
  "pk": 2,
  "fields": {
    "situation": 1,
    "ligne_devis": 8,
    "description": "2- Peinture Glycéro phtalique sur ouvrages divers",
    "quantite": "100.00",
    "prix_unitaire": "21.60",
    "total_ht": "2160.00",
    "pourcentage_precedent": "0.00",
    "pourcentage_actuel": "0.00",
    "montant": "0.00"
  }
},
{
  "model": "api.situationligne",
  "pk": 3,
  "fields": {
    "situation": 1,
    "ligne_devis": 9,
    "description": "Façade de gaines palières",
    "quantite": "250.00",
    "prix_unitaire": "20.16",
    "total_ht": "5040.00",
    "pourcentage_precedent": "0.00",
    "pourcentage_actuel": "0.00",
    "montant": "0.00"
  }
},
{
  "model": "api.situationligne",
  "pk": 4,
  "fields": {
    "situation": 2,
    "ligne_devis": 10,
    "description": "Peinture de sol - yc plinthe uiahfuao n oanfaonf anf apfp afpn apifp a,fpna pfp afpan pfnpipi pinaip ipaippjp s 10cm",
    "quantite": "200.00",
    "prix_unitaire": "10.08",
    "total_ht": "2016.00",
    "pourcentage_precedent": "0.00",
    "pourcentage_actuel": "100.00",
    "montant": "2016.00"
  }
},
{
  "model": "api.partie",
  "pk": 1,
  "fields": {
    "titre": "3. Peintures"
  }
},
{
  "model": "api.partie",
  "pk": 2,
  "fields": {
    "titre": "1. Peinture mâte des pièces sèches"
  }
},
{
  "model": "api.souspartie",
  "pk": 1,
  "fields": {
    "partie": 1,
    "description": "Test peinture"
  }
},
{
  "model": "api.souspartie",
  "pk": 2,
  "fields": {
    "partie": 1,
    "description": "Test 2"
  }
},
{
  "model": "api.souspartie",
  "pk": 3,
  "fields": {
    "partie": 2,
    "description": "3.1 Peinture mâte des pièces sèches"
  }
},
{
  "model": "api.souspartie",
  "pk": 4,
  "fields": {
    "partie": 1,
    "description": "Retenue"
  }
},
{
  "model": "api.parametres",
  "pk": 1,
  "fields": {
    "code": "TAUX_FIXE",
    "valeur": "20.00",
    "description": "Taux fixe par défaut",
    "date_modification": "2025-08-20T09:55:16.113Z"
  }
},
{
  "model": "api.soustraitant",
  "pk": 1,
  "fields": {
    "entreprise": "ABCONDUITE",
    "capital": "1000.00",
    "adresse": "24-26 boulevard guy lussac",
    "code_postal": "13014",
    "ville": "Marseille",
    "forme_juridique": "SARL",
    "numero_rcs": "RCS de MARSEILLE 849 338 082",
    "representant": "MOI",
    "email": "Elyesseadda@hotmail.com",
    "date_creation": "2025-08-21T11:42:45.207Z",
    "date_modification": "2025-08-21T11:42:45.207Z"
  }
},
{
  "model": "api.contratsoustraitance",
  "pk": 1,
  "fields": {
    "chantier": 1,
    "sous_traitant": 1,
    "type_contrat": "NETTOYAGE",
    "description_prestation": "Test",
    "date_debut": "2025-08-21",
    "duree": "Jusqu'à livraison du chantier",
    "adresse_prestation": "24-26 boulevard guy lussac",
    "nom_operation": "Test Ligne Display",
    "montant_operation": "1000.00",
    "nom_maitre_ouvrage": "Elyesse",
    "nom_maitre_oeuvre": "Adda Attou",
    "date_creation": "2025-08-21",
    "date_modification": "2025-08-21T11:42:57.344Z"
  }
},
{
  "model": "api.avenantsoustraitance",
  "pk": 1,
  "fields": {
    "contrat": 1,
    "numero": 1,
    "description": "Test paiement",
    "montant": "1000.00",
    "type_travaux": "LOT PEINTURE",
    "date_creation": "2025-08-21",
    "date_modification": "2025-08-21T11:43:18.231Z"
  }
},
{
  "model": "api.avenantsoustraitance",
  "pk": 2,
  "fields": {
    "contrat": 1,
    "numero": 2,
    "description": "Test paiement 2",
    "montant": "1000.00",
    "type_travaux": "LOT PEINTURE",
    "date_creation": "2025-08-21",
    "date_modification": "2025-08-21T11:43:35.339Z"
  }
},
{
  "model": "api.avenantsoustraitance",
  "pk": 3,
  "fields": {
    "contrat": 1,
    "numero": 3,
    "description": "Test paiement 3",
    "montant": "1000.00",
    "type_travaux": "LOT PEINTURE",
    "date_creation": "2025-08-21",
    "date_modification": "2025-08-21T11:43:43.532Z"
  }
},
{
  "model": "api.paiementsoustraitant",
  "pk": 1,
  "fields": {
    "sous_traitant": 1,
    "chantier": 1,
    "contrat": null,
    "avenant": null,
    "date_paiement": "2025-06-02",
    "montant_facture_ht": null,
    "date_envoi_facture": null,
    "delai_paiement": 45,
    "montant_paye_ht": "500.00",
    "date_paiement_reel": null,
    "mois": null,
    "annee": null
  }
},
{
  "model": "api.paiementsoustraitant",
  "pk": 2,
  "fields": {
    "sous_traitant": 1,
    "chantier": 1,
    "contrat": null,
    "avenant": null,
    "date_paiement": "2025-07-23",
    "montant_facture_ht": null,
    "date_envoi_facture": null,
    "delai_paiement": 45,
    "montant_paye_ht": "3000.00",
    "date_paiement_reel": null,
    "mois": null,
    "annee": null
  }
}
]
